{
  "hash": "daf30a66",
  "configHash": "66a76f66",
  "lockfileHash": "ca24040a",
  "browserHash": "d20fc710",
  "optimized": {
    "@angular/core": {
      "src": "../../../../../node_modules/@angular/core/fesm2022/core.mjs",
      "file": "@angular_core.js",
      "fileHash": "14c8b3c1",
      "needsInterop": false
    },
    "@angular/platform-browser": {
      "src": "../../../../../node_modules/@angular/platform-browser/fesm2022/platform-browser.mjs",
      "file": "@angular_platform-browser.js",
      "fileHash": "800d1dd4",
      "needsInterop": false
    },
    "@angular/router": {
      "src": "../../../../../node_modules/@angular/router/fesm2022/router.mjs",
      "file": "@angular_router.js",
      "fileHash": "063ef1f3",
      "needsInterop": false
    }
  },
  "chunks": {
    "chunk-P5WB54LL": {
      "file": "chunk-P5WB54LL.js"
    },
    "chunk-BNOYPYPL": {
      "file": "chunk-BNOYPYPL.js"
    }
  }
}